"Memory","Depth","Family","Seed","Accuracy","Exact"
"baseline","1","ColorTransformation","1","1","True"
"baseline","1","ColorTransformation","2","1","True"
"baseline","1","ColorTransformation","3","1","True"
"baseline","1","ColorTransformation","4","1","True"
"baseline","1","ColorTransformation","5","1","True"
"baseline","1","ColorTransformation","6","1","True"
"baseline","1","ColorTransformation","7","1","True"
"baseline","1","ColorTransformation","8","1","True"
"baseline","1","ColorTransformation","9","1","True"
"baseline","1","ColorTransformation","10","1","True"
"baseline","1","ColorTransformation","11","1","True"
"baseline","1","ColorTransformation","12","1","True"
"baseline","1","ColorTransformation","13","1","True"
"baseline","1","ColorTransformation","14","1","True"
"baseline","1","ColorTransformation","15","1","True"
"baseline","1","ColorTransformation","16","1","True"
"baseline","1","ColorTransformation","17","1","True"
"baseline","1","ColorTransformation","18","1","True"
"baseline","1","ColorTransformation","19","1","True"
"baseline","1","ColorTransformation","20","1","True"
"baseline","1","Translation","1","1","True"
"baseline","1","Translation","2","1","True"
"baseline","1","Translation","3","1","True"
"baseline","1","Translation","4","1","True"
"baseline","1","Translation","5","1","True"
"baseline","1","Translation","6","1","True"
"baseline","1","Translation","7","1","True"
"baseline","1","Translation","8","1","True"
"baseline","1","Translation","9","1","True"
"baseline","1","Translation","10","1","True"
"baseline","1","Translation","11","1","True"
"baseline","1","Translation","12","1","True"
"baseline","1","Translation","13","1","True"
"baseline","1","Translation","14","1","True"
"baseline","1","Translation","15","1","True"
"baseline","1","Translation","16","1","True"
"baseline","1","Translation","17","1","True"
"baseline","1","Translation","18","1","True"
"baseline","1","Translation","19","1","True"
"baseline","1","Translation","20","1","True"
"baseline","4","ColorTransformation","1","1","True"
"baseline","4","ColorTransformation","2","1","True"
"baseline","4","ColorTransformation","3","1","True"
"baseline","4","ColorTransformation","4","1","True"
"baseline","4","ColorTransformation","5","1","True"
"baseline","4","ColorTransformation","6","1","True"
"baseline","4","ColorTransformation","7","1","True"
"baseline","4","ColorTransformation","8","1","True"
"baseline","4","ColorTransformation","9","1","True"
"baseline","4","ColorTransformation","10","1","True"
"baseline","4","ColorTransformation","11","1","True"
"baseline","4","ColorTransformation","12","1","True"
"baseline","4","ColorTransformation","13","1","True"
"baseline","4","ColorTransformation","14","1","True"
"baseline","4","ColorTransformation","15","1","True"
"baseline","4","ColorTransformation","16","1","True"
"baseline","4","ColorTransformation","17","1","True"
"baseline","4","ColorTransformation","18","1","True"
"baseline","4","ColorTransformation","19","1","True"
"baseline","4","ColorTransformation","20","1","True"
"baseline","4","Translation","1","1","True"
"baseline","4","Translation","2","1","True"
"baseline","4","Translation","3","1","True"
"baseline","4","Translation","4","1","True"
"baseline","4","Translation","5","1","True"
"baseline","4","Translation","6","1","True"
"baseline","4","Translation","7","1","True"
"baseline","4","Translation","8","1","True"
"baseline","4","Translation","9","1","True"
"baseline","4","Translation","10","1","True"
"baseline","4","Translation","11","1","True"
"baseline","4","Translation","12","1","True"
"baseline","4","Translation","13","1","True"
"baseline","4","Translation","14","1","True"
"baseline","4","Translation","15","1","True"
"baseline","4","Translation","16","1","True"
"baseline","4","Translation","17","1","True"
"baseline","4","Translation","18","1","True"
"baseline","4","Translation","19","1","True"
"baseline","4","Translation","20","1","True"
"baseline","8","ColorTransformation","1","1","True"
"baseline","8","ColorTransformation","2","1","True"
"baseline","8","ColorTransformation","3","1","True"
"baseline","8","ColorTransformation","4","1","True"
"baseline","8","ColorTransformation","5","1","True"
"baseline","8","ColorTransformation","6","1","True"
"baseline","8","ColorTransformation","7","1","True"
"baseline","8","ColorTransformation","8","1","True"
"baseline","8","ColorTransformation","9","1","True"
"baseline","8","ColorTransformation","10","1","True"
"baseline","8","ColorTransformation","11","1","True"
"baseline","8","ColorTransformation","12","1","True"
"baseline","8","ColorTransformation","13","1","True"
"baseline","8","ColorTransformation","14","1","True"
"baseline","8","ColorTransformation","15","1","True"
"baseline","8","ColorTransformation","16","1","True"
"baseline","8","ColorTransformation","17","1","True"
"baseline","8","ColorTransformation","18","1","True"
"baseline","8","ColorTransformation","19","1","True"
"baseline","8","ColorTransformation","20","1","True"
"baseline","8","Translation","1","1","True"
"baseline","8","Translation","2","1","True"
"baseline","8","Translation","3","1","True"
"baseline","8","Translation","4","1","True"
"baseline","8","Translation","5","1","True"
"baseline","8","Translation","6","1","True"
"baseline","8","Translation","7","1","True"
"baseline","8","Translation","8","1","True"
"baseline","8","Translation","9","1","True"
"baseline","8","Translation","10","1","True"
"baseline","8","Translation","11","1","True"
"baseline","8","Translation","12","1","True"
"baseline","8","Translation","13","1","True"
"baseline","8","Translation","14","1","True"
"baseline","8","Translation","15","1","True"
"baseline","8","Translation","16","1","True"
"baseline","8","Translation","17","1","True"
"baseline","8","Translation","18","1","True"
"baseline","8","Translation","19","1","True"
"baseline","8","Translation","20","1","True"
"simple_hebbian","1","ColorTransformation","1","1","True"
"simple_hebbian","1","ColorTransformation","2","1","True"
"simple_hebbian","1","ColorTransformation","3","1","True"
"simple_hebbian","1","ColorTransformation","4","1","True"
"simple_hebbian","1","ColorTransformation","5","1","True"
"simple_hebbian","1","ColorTransformation","6","1","True"
"simple_hebbian","1","ColorTransformation","7","1","True"
"simple_hebbian","1","ColorTransformation","8","1","True"
"simple_hebbian","1","ColorTransformation","9","1","True"
"simple_hebbian","1","ColorTransformation","10","1","True"
"simple_hebbian","1","ColorTransformation","11","1","True"
"simple_hebbian","1","ColorTransformation","12","1","True"
"simple_hebbian","1","ColorTransformation","13","1","True"
"simple_hebbian","1","ColorTransformation","14","1","True"
"simple_hebbian","1","ColorTransformation","15","1","True"
"simple_hebbian","1","ColorTransformation","16","1","True"
"simple_hebbian","1","ColorTransformation","17","1","True"
"simple_hebbian","1","ColorTransformation","18","1","True"
"simple_hebbian","1","ColorTransformation","19","1","True"
"simple_hebbian","1","ColorTransformation","20","1","True"
"simple_hebbian","1","Translation","1","1","True"
"simple_hebbian","1","Translation","2","1","True"
"simple_hebbian","1","Translation","3","1","True"
"simple_hebbian","1","Translation","4","1","True"
"simple_hebbian","1","Translation","5","1","True"
"simple_hebbian","1","Translation","6","1","True"
"simple_hebbian","1","Translation","7","1","True"
"simple_hebbian","1","Translation","8","1","True"
"simple_hebbian","1","Translation","9","1","True"
"simple_hebbian","1","Translation","10","1","True"
"simple_hebbian","1","Translation","11","1","True"
"simple_hebbian","1","Translation","12","1","True"
"simple_hebbian","1","Translation","13","1","True"
"simple_hebbian","1","Translation","14","1","True"
"simple_hebbian","1","Translation","15","1","True"
"simple_hebbian","1","Translation","16","1","True"
"simple_hebbian","1","Translation","17","1","True"
"simple_hebbian","1","Translation","18","1","True"
"simple_hebbian","1","Translation","19","1","True"
"simple_hebbian","1","Translation","20","1","True"
"simple_hebbian","4","ColorTransformation","1","1","True"
"simple_hebbian","4","ColorTransformation","2","1","True"
"simple_hebbian","4","ColorTransformation","3","1","True"
"simple_hebbian","4","ColorTransformation","4","1","True"
"simple_hebbian","4","ColorTransformation","5","1","True"
"simple_hebbian","4","ColorTransformation","6","1","True"
"simple_hebbian","4","ColorTransformation","7","1","True"
"simple_hebbian","4","ColorTransformation","8","1","True"
"simple_hebbian","4","ColorTransformation","9","1","True"
"simple_hebbian","4","ColorTransformation","10","1","True"
"simple_hebbian","4","ColorTransformation","11","1","True"
"simple_hebbian","4","ColorTransformation","12","1","True"
"simple_hebbian","4","ColorTransformation","13","1","True"
"simple_hebbian","4","ColorTransformation","14","1","True"
"simple_hebbian","4","ColorTransformation","15","1","True"
"simple_hebbian","4","ColorTransformation","16","1","True"
"simple_hebbian","4","ColorTransformation","17","1","True"
"simple_hebbian","4","ColorTransformation","18","1","True"
"simple_hebbian","4","ColorTransformation","19","1","True"
"simple_hebbian","4","ColorTransformation","20","1","True"
"simple_hebbian","4","Translation","1","1","True"
"simple_hebbian","4","Translation","2","1","True"
"simple_hebbian","4","Translation","3","1","True"
"simple_hebbian","4","Translation","4","1","True"
"simple_hebbian","4","Translation","5","1","True"
"simple_hebbian","4","Translation","6","1","True"
"simple_hebbian","4","Translation","7","1","True"
"simple_hebbian","4","Translation","8","1","True"
"simple_hebbian","4","Translation","9","1","True"
"simple_hebbian","4","Translation","10","1","True"
"simple_hebbian","4","Translation","11","1","True"
"simple_hebbian","4","Translation","12","1","True"
"simple_hebbian","4","Translation","13","1","True"
"simple_hebbian","4","Translation","14","1","True"
"simple_hebbian","4","Translation","15","1","True"
"simple_hebbian","4","Translation","16","1","True"
"simple_hebbian","4","Translation","17","1","True"
"simple_hebbian","4","Translation","18","1","True"
"simple_hebbian","4","Translation","19","1","True"
"simple_hebbian","4","Translation","20","1","True"
"simple_hebbian","8","ColorTransformation","1","1","True"
"simple_hebbian","8","ColorTransformation","2","1","True"
"simple_hebbian","8","ColorTransformation","3","1","True"
"simple_hebbian","8","ColorTransformation","4","1","True"
"simple_hebbian","8","ColorTransformation","5","1","True"
"simple_hebbian","8","ColorTransformation","6","1","True"
"simple_hebbian","8","ColorTransformation","7","1","True"
"simple_hebbian","8","ColorTransformation","8","1","True"
"simple_hebbian","8","ColorTransformation","9","1","True"
"simple_hebbian","8","ColorTransformation","10","1","True"
"simple_hebbian","8","ColorTransformation","11","1","True"
"simple_hebbian","8","ColorTransformation","12","1","True"
"simple_hebbian","8","ColorTransformation","13","1","True"
"simple_hebbian","8","ColorTransformation","14","1","True"
"simple_hebbian","8","ColorTransformation","15","1","True"
"simple_hebbian","8","ColorTransformation","16","1","True"
"simple_hebbian","8","ColorTransformation","17","1","True"
"simple_hebbian","8","ColorTransformation","18","1","True"
"simple_hebbian","8","ColorTransformation","19","1","True"
"simple_hebbian","8","ColorTransformation","20","1","True"
"simple_hebbian","8","Translation","1","1","True"
"simple_hebbian","8","Translation","2","1","True"
"simple_hebbian","8","Translation","3","1","True"
"simple_hebbian","8","Translation","4","1","True"
"simple_hebbian","8","Translation","5","1","True"
"simple_hebbian","8","Translation","6","1","True"
"simple_hebbian","8","Translation","7","1","True"
"simple_hebbian","8","Translation","8","1","True"
"simple_hebbian","8","Translation","9","1","True"
"simple_hebbian","8","Translation","10","1","True"
"simple_hebbian","8","Translation","11","1","True"
"simple_hebbian","8","Translation","12","1","True"
"simple_hebbian","8","Translation","13","1","True"
"simple_hebbian","8","Translation","14","1","True"
"simple_hebbian","8","Translation","15","1","True"
"simple_hebbian","8","Translation","16","1","True"
"simple_hebbian","8","Translation","17","1","True"
"simple_hebbian","8","Translation","18","1","True"
"simple_hebbian","8","Translation","19","1","True"
"simple_hebbian","8","Translation","20","1","True"
